person_id,session,target_id,target_x,target_y,gaze_x,gaze_y
1,1,1,0.2,0.2,0.2048326382891338,0.18104622679501636
1,1,1,0.2,0.2,0.2117562806514927,0.2088940238892794
1,1,1,0.2,0.2,0.21354239123278848,0.1703174239179251
1,1,1,0.2,0.2,0.21691357588295201,0.22984225664911517
1,1,1,0.2,0.2,0.21355797921216374,0.2269219760898983
1,1,2,0.5,0.2,0.514305300463428,0.19709700626509255
1,1,2,0.5,0.2,0.5147918645079638,0.19019453028493588
1,1,2,0.5,0.2,0.5069814582256139,0.1995153903935866
1,1,2,0.5,0.2,0.5065637144140939,0.2056173017228556
1,1,2,0.5,0.2,0.4930936217405043,0.21264334836064064
1,1,3,0.8,0.2,0.8138349310682628,0.1746563462413259
1,1,3,0.8,0.2,0.7955400109527314,0.22156963329901141
1,1,3,0.8,0.2,0.8287771192052202,0.21458865823412324
1,1,3,0.8,0.2,0.7927564846573161,0.21599139080654267
1,1,3,0.8,0.2,0.8106112750636602,0.18591337286914078
1,1,4,0.2,0.5,0.18071199337502267,0.5156416780422519
1,1,4,0.2,0.5,0.19988278054585398,0.5046367297671903
1,1,4,0.2,0.5,0.21386429720949365,0.48512336838117676
1,1,4,0.2,0.5,0.2198233147763129,0.48705332043546185
1,1,4,0.2,0.5,0.21456720411858896,0.5198202297374632
1,1,5,0.5,0.5,0.5164575009573944,0.502106899803798
1,1,5,0.5,0.5,0.4900270385265752,0.52331493774533
1,1,5,0.5,0.5,0.4939459924672729,0.5287504718492628
1,1,5,0.5,0.5,0.5238958217518822,0.5117837595781186
1,1,5,0.5,0.5,0.48711484171190983,0.5212475730207576
1,1,6,0.8,0.5,0.792097837792322,0.5219923616288464
1,1,6,0.8,0.5,0.8127535550655843,0.5016062001035214
1,1,6,0.8,0.5,0.8171973358716927,0.48721837309424854
1,1,6,0.8,0.5,0.8025034140743251,0.511552037778177
1,1,6,0.8,0.5,0.8167793187805771,0.47170275928117333
1,1,7,0.2,0.8,0.20568223342781602,0.8353064855288505
1,1,7,0.2,0.8,0.18820956385058074,0.7810523891513483
1,1,7,0.2,0.8,0.18744538499791039,0.8121652287713192
1,1,7,0.2,0.8,0.20571897277539122,0.8293182234679043
1,1,7,0.2,0.8,0.18281611877620035,0.7998185621928335
1,1,8,0.5,0.8,0.5296131890773511,0.7898390279711646
1,1,8,0.5,0.8,0.5033882188281872,0.834045758869122
1,1,8,0.5,0.8,0.5080396745007515,0.791964628366785
1,1,8,0.5,0.8,0.49264448658167703,0.7870227951470249
1,1,8,0.5,0.8,0.5008509132966272,0.8207831503273798
1,1,9,0.8,0.8,0.7984125903199103,0.7925996311840016
1,1,9,0.8,0.8,0.7917900332887005,0.785226852673326
1,1,9,0.8,0.8,0.7954317025970201,0.8029400577485786
1,1,9,0.8,0.8,0.7851483853966721,0.8102705234414549
1,1,9,0.8,0.8,0.8180273530888349,0.7769092866686386
1,2,1,0.2,0.2,0.20870439110364997,0.20283142032750243
1,2,1,0.2,0.2,0.20259637445446102,0.20307151959200406
1,2,1,0.2,0.2,0.18592657795364212,0.18484218623217438
1,2,1,0.2,0.2,0.18920389040994473,0.19920333928824985
1,2,1,0.2,0.2,0.2097610868646302,0.21742144889818305
1,2,2,0.5,0.2,0.5266264756417615,0.20171400133684772
1,2,2,0.5,0.2,0.502468166183079,0.2074932272949332
1,2,2,0.5,0.2,0.518202258939839,0.2129735657105347
1,2,2,0.5,0.2,0.5057193985327262,0.21764116803669045
1,2,2,0.5,0.2,0.5090336725489393,0.20389962366426936
1,2,3,0.8,0.2,0.8052701115063434,0.21056464276280765
1,2,3,0.8,0.2,0.8024830523609338,0.2085497068613263
1,2,3,0.8,0.2,0.8146439986337873,0.20516097010771522
1,2,3,0.8,0.2,0.7883527327316856,0.19550911024910003
1,2,3,0.8,0.2,0.8047507525247725,0.21192373824567648
1,2,4,0.2,0.5,0.20161325874224434,0.5025736743670124
1,2,4,0.2,0.5,0.19572231127565762,0.4866872548900448
1,2,4,0.2,0.5,0.21133381783503916,0.518212261489283
1,2,4,0.2,0.5,0.1967758291204571,0.5172600151226274
1,2,4,0.2,0.5,0.22012718967427433,0.4945804887778652
1,2,5,0.5,0.5,0.5068535830211277,0.49113011661208517
1,2,5,0.5,0.5,0.5073499082765278,0.47588725303693885
1,2,5,0.5,0.5,0.5248101677562987,0.4958923285444253
1,2,5,0.5,0.5,0.4961387003669289,0.5044673203909413
1,2,5,0.5,0.5,0.5015946242356343,0.4942420278739153
1,2,6,0.8,0.5,0.7989355749325527,0.4991638005585784
1,2,6,0.8,0.5,0.7925168068466343,0.5249196998804864
1,2,6,0.8,0.5,0.7888492044735613,0.498430414343157
1,2,6,0.8,0.5,0.8094336679965413,0.49951871808229537
1,2,6,0.8,0.5,0.8260184863510268,0.5255703116822529
1,2,7,0.2,0.8,0.20044006098979614,0.8147141927205542
1,2,7,0.2,0.8,0.20182696278944828,0.8080516306177824
1,2,7,0.2,0.8,0.22183454216276755,0.8437265419983577
1,2,7,0.2,0.8,0.20044572169408265,0.7892180852666013
1,2,7,0.2,0.8,0.20985293710504774,0.8068071851815114
1,2,8,0.5,0.8,0.49612931115630066,0.7934761301106296
1,2,8,0.5,0.8,0.501208293134704,0.7867884126873214
1,2,8,0.5,0.8,0.5035870238536193,0.7868774114440693
1,2,8,0.5,0.8,0.5028549019289889,0.7975077434657794
1,2,8,0.5,0.8,0.5264161643369835,0.805257152340945
1,2,9,0.8,0.8,0.8003811309593473,0.8147841314361057
1,2,9,0.8,0.8,0.7940811117601337,0.7897564252902631
1,2,9,0.8,0.8,0.7998283528216984,0.8080157819202237
1,2,9,0.8,0.8,0.80178724473268,0.7861476006125768
1,2,9,0.8,0.8,0.7796154295636738,0.7993585805269018
2,1,1,0.2,0.2,0.19339668100690804,0.17898686497140043
2,1,1,0.2,0.2,0.21329343262717723,0.19181227004791176
2,1,1,0.2,0.2,0.2230723968623521,0.18175037915795417
2,1,1,0.2,0.2,0.2105277484270892,0.1939749172821315
2,1,1,0.2,0.2,0.21464721154380567,0.1837083389399505
2,1,2,0.5,0.2,0.492982968709996,0.20354155413828873
2,1,2,0.5,0.2,0.5135887693390024,0.19863735242475927
2,1,2,0.5,0.2,0.518893128232078,0.2104227008751969
2,1,2,0.5,0.2,0.5028311956449127,0.18712754160752784
2,1,2,0.5,0.2,0.49910176527478456,0.20569577367004438
2,1,3,0.8,0.2,0.8269222504599183,0.19023392189095326
2,1,3,0.8,0.2,0.794833974862655,0.19814866299975045
2,1,3,0.8,0.2,0.7886380041305948,0.1919669055664005
2,1,3,0.8,0.2,0.8002148849047128,0.1944536899656117
2,1,3,0.8,0.2,0.8055174567970297,0.19703029919987777
2,1,4,0.2,0.5,0.19697443951093055,0.5017147268232467
2,1,4,0.2,0.5,0.2022182048822919,0.48021740754001907
2,1,4,0.2,0.5,0.18362218913815767,0.5155468882968472
2,1,4,0.2,0.5,0.19977632638453108,0.4991933847532771
2,1,4,0.2,0.5,0.22545232024318063,0.4710949660651545
2,1,5,0.5,0.5,0.501865526727348,0.47623596377847344
2,1,5,0.5,0.5,0.511569581917495,0.49932684841799113
2,1,5,0.5,0.5,0.4942011817493367,0.487246076447308
2,1,5,0.5,0.5,0.5065513925411579,0.4767365201783342
2,1,5,0.5,0.5,0.5138991302122816,0.48860309619080294
2,1,6,0.8,0.5,0.842097110448367,0.4684521394135022
2,1,6,0.8,0.5,0.8013998375175619,0.48192421445773254
2,1,6,0.8,0.5,0.8222438359364043,0.49590615787194814
2,1,6,0.8,0.5,0.8253281991417735,0.4852880568065534
2,1,6,0.8,0.5,0.8017196115859618,0.4903220014112479
2,1,7,0.2,0.8,0.22248434459909375,0.7729315887163783
2,1,7,0.2,0.8,0.21358118359284925,0.7826527712632009
2,1,7,0.2,0.8,0.21251666550961842,0.7868334309305469
2,1,7,0.2,0.8,0.2026718562439774,0.801208333662456
2,1,7,0.2,0.8,0.21903410436401807,0.803352805946992
2,1,8,0.5,0.8,0.5179630445330241,0.8069816664419375
2,1,8,0.5,0.8,0.49266639980578636,0.7793201414104378
2,1,8,0.5,0.8,0.46632932897778157,0.7673315364400295
2,1,8,0.5,0.8,0.5041416409222244,0.7791242088605609
2,1,8,0.5,0.8,0.49737632546225424,0.8018040536751663
2,1,9,0.8,0.8,0.8153163798129556,0.7785361369676304
2,1,9,0.8,0.8,0.810616690107013,0.7933408221675369
2,1,9,0.8,0.8,0.8243641726838582,0.7834142389531281
2,1,9,0.8,0.8,0.8019991817721135,0.7893378783290217
2,1,9,0.8,0.8,0.8171982440487066,0.7751249982005735
2,2,1,0.2,0.2,0.19740065796916464,0.22106911644327487
2,2,1,0.2,0.2,0.20263393579494376,0.20000308497637675
2,2,1,0.2,0.2,0.21361826356857364,0.19338608693334905
2,2,1,0.2,0.2,0.2156429362800023,0.19270144318495017
2,2,1,0.2,0.2,0.2216953359166714,0.19856945156510486
2,2,2,0.5,0.2,0.509999720132359,0.19627870859052995
2,2,2,0.5,0.2,0.5089828941564998,0.1934884901114226
2,2,2,0.5,0.2,0.5204225023759735,0.19222501782011606
2,2,2,0.5,0.2,0.5194552564400132,0.20481209651541574
2,2,2,0.5,0.2,0.5182392777658228,0.2016175489195532
2,2,3,0.8,0.2,0.8297494077433332,0.2132537215831991
2,2,3,0.8,0.2,0.7986280771722499,0.20209605217420085
2,2,3,0.8,0.2,0.8096287609183267,0.20980321129451332
2,2,3,0.8,0.2,0.8033352746568705,0.19975688239428394
2,2,3,0.8,0.2,0.8030977242075031,0.18885157639784045
2,2,4,0.2,0.5,0.22412623595780246,0.49371302472582934
2,2,4,0.2,0.5,0.18985766436004683,0.4805903068485452
2,2,4,0.2,0.5,0.22918260021603876,0.5062381756928833
2,2,4,0.2,0.5,0.19729967435271797,0.4913148229026896
2,2,4,0.2,0.5,0.19426625050781587,0.5094800691396674
2,2,5,0.5,0.5,0.5252922952569523,0.4743285292307698
2,2,5,0.5,0.5,0.5400564615048306,0.49845777872223707
2,2,5,0.5,0.5,0.5121004332842554,0.48635045074378436
2,2,5,0.5,0.5,0.505139721372863,0.5241023123695918
2,2,5,0.5,0.5,0.4939471328942578,0.4810938309599512
2,2,6,0.8,0.5,0.8082000498543521,0.4932646043533913
2,2,6,0.8,0.5,0.8077468264478316,0.4804436246328122
2,2,6,0.8,0.5,0.805853522766683,0.49252988131191966
2,2,6,0.8,0.5,0.8060769261912253,0.5070815357887613
2,2,6,0.8,0.5,0.8013752690500247,0.5010262342998676
2,2,7,0.2,0.8,0.19371780334856892,0.8117795963110273
2,2,7,0.2,0.8,0.22946458840802667,0.7982897137794717
2,2,7,0.2,0.8,0.21492717274193407,0.7973516002122223
2,2,7,0.2,0.8,0.21942640500369842,0.767910875889138
2,2,7,0.2,0.8,0.22434258818123032,0.7971099950651189
2,2,8,0.5,0.8,0.5005945911839574,0.7548078214015401
2,2,8,0.5,0.8,0.5171574243857119,0.8231694465810022
2,2,8,0.5,0.8,0.5149649553725731,0.7975455930305828
2,2,8,0.5,0.8,0.501444159115543,0.7837096209772257
2,2,8,0.5,0.8,0.5093940849785583,0.7792595882931306
2,2,9,0.8,0.8,0.8364583058965861,0.7722632483017013
2,2,9,0.8,0.8,0.8060893951314188,0.8072771483894785
2,2,9,0.8,0.8,0.80868483192594,0.790594752107185
2,2,9,0.8,0.8,0.8023900184518566,0.798351327862906
2,2,9,0.8,0.8,0.7967505226228413,0.8037352946420838
3,1,1,0.2,0.2,0.2095643874808539,0.16610426650854734
3,1,1,0.2,0.2,0.20920496510908868,0.16803166214432425
3,1,1,0.2,0.2,0.21658818950962275,0.21903396454433824
3,1,1,0.2,0.2,0.19111191206787206,0.17555232057965986
3,1,1,0.2,0.2,0.21877605033379433,0.20790196289409557
3,1,2,0.5,0.2,0.4956409582992196,0.17578883574041157
3,1,2,0.5,0.2,0.5067891815400769,0.21548427693612057
3,1,2,0.5,0.2,0.5139452562498756,0.21375284525197907
3,1,2,0.5,0.2,0.495788796118309,0.19063677487087882
3,1,2,0.5,0.2,0.5162206428633035,0.20554574415859428
3,1,3,0.8,0.2,0.8205268961563549,0.20596650766135458
3,1,3,0.8,0.2,0.8074587491181879,0.2005793432374954
3,1,3,0.8,0.2,0.8289610295307,0.20892517470375513
3,1,3,0.8,0.2,0.8224587341132121,0.20161391789766783
3,1,3,0.8,0.2,0.7935659998628934,0.20677219979018174
3,1,4,0.2,0.5,0.21249962343562068,0.48514768580960416
3,1,4,0.2,0.5,0.20864277522974073,0.4683428542322388
3,1,4,0.2,0.5,0.2092519533557033,0.4822077254394071
3,1,4,0.2,0.5,0.21893052536332316,0.4927351141183149
3,1,4,0.2,0.5,0.2152277877239204,0.47028584809114965
3,1,5,0.5,0.5,0.49332244766911176,0.4794562114969281
3,1,5,0.5,0.5,0.5111546837657973,0.46001374578695103
3,1,5,0.5,0.5,0.5042072816162951,0.4812956837922516
3,1,5,0.5,0.5,0.5217615944208426,0.46990631415729656
3,1,5,0.5,0.5,0.5333626130783539,0.48831768590790253
3,1,6,0.8,0.5,0.8114438905766796,0.4967173062498466
3,1,6,0.8,0.5,0.81422559815618,0.48555381666483666
3,1,6,0.8,0.5,0.8105112430840711,0.48952355748481785
3,1,6,0.8,0.5,0.8071366545250841,0.4953016812294247
3,1,6,0.8,0.5,0.808889809930881,0.5054074686491026
3,1,7,0.2,0.8,0.19691326828039654,0.8049464248540326
3,1,7,0.2,0.8,0.2111927750250777,0.7614505497423648
3,1,7,0.2,0.8,0.20690657903235785,0.782510913193931
3,1,7,0.2,0.8,0.2165625664670841,0.7528764350316526
3,1,7,0.2,0.8,0.20723442525943508,0.7961198321321558
3,1,8,0.5,0.8,0.48555919654621554,0.7926235197716534
3,1,8,0.5,0.8,0.5038743140157821,0.7895391014691098
3,1,8,0.5,0.8,0.5095211498919335,0.7772174777159747
3,1,8,0.5,0.8,0.5142789974154759,0.8062182220549016
3,1,8,0.5,0.8,0.497316283383897,0.794691817881283
3,1,9,0.8,0.8,0.8172513516473321,0.7718551203791387
3,1,9,0.8,0.8,0.8091139823798559,0.7517456761823904
3,1,9,0.8,0.8,0.8042213328191723,0.7748955390232841
3,1,9,0.8,0.8,0.8290836409391643,0.8034323266882143
3,1,9,0.8,0.8,0.8045087284115257,0.7751552637852082
3,2,1,0.2,0.2,0.2050985531741133,0.1840656703937712
3,2,1,0.2,0.2,0.21343394007450014,0.18972370139389672
3,2,1,0.2,0.2,0.19323084045255148,0.1983822962686246
3,2,1,0.2,0.2,0.1973210472045584,0.21288707097725856
3,2,1,0.2,0.2,0.20801606103951908,0.17324940063469177
3,2,2,0.5,0.2,0.5173965423607969,0.1761500954510772
3,2,2,0.5,0.2,0.49382802408657045,0.18665948551655417
3,2,2,0.5,0.2,0.5146439282030754,0.17677447189910822
3,2,2,0.5,0.2,0.5128560876577128,0.17451195106125203
3,2,2,0.5,0.2,0.5241244410022623,0.18501920925865517
3,2,3,0.8,0.2,0.802308451261245,0.20230909169628375
3,2,3,0.8,0.2,0.8048814678871925,0.1823229716741325
3,2,3,0.8,0.2,0.819331174635711,0.20140479055937946
3,2,3,0.8,0.2,0.8236980999734076,0.19057997690678685
3,2,3,0.8,0.2,0.8153215720762813,0.17929122024881877
3,2,4,0.2,0.5,0.20524268863616907,0.5157988350270747
3,2,4,0.2,0.5,0.21427024708912973,0.49612522594645153
3,2,4,0.2,0.5,0.20915086982344805,0.48206348743531807
3,2,4,0.2,0.5,0.22625800166133994,0.48584145602887996
3,2,4,0.2,0.5,0.21237593701060412,0.5004318458095971
3,2,5,0.5,0.5,0.5035764447506953,0.5093494537181651
3,2,5,0.5,0.5,0.5126799117089837,0.5084794022721943
3,2,5,0.5,0.5,0.518117233008254,0.46302006622499087
3,2,5,0.5,0.5,0.5217673481558944,0.48499958684016686
3,2,5,0.5,0.5,0.5149538156672202,0.4966860567271586
3,2,6,0.8,0.5,0.818078322233452,0.4913245941853433
3,2,6,0.8,0.5,0.8084887617902352,0.4874489833081072
3,2,6,0.8,0.5,0.8128984759276359,0.4700732563116368
3,2,6,0.8,0.5,0.8248350068196731,0.47955555172804687
3,2,6,0.8,0.5,0.8094754623778668,0.49818059342786547
3,2,7,0.2,0.8,0.19683437382427546,0.7887546386875816
3,2,7,0.2,0.8,0.19444035770202256,0.7744014033570724
3,2,7,0.2,0.8,0.22573303044527335,0.7898575606751522
3,2,7,0.2,0.8,0.19416342484061405,0.7682361758323842
3,2,7,0.2,0.8,0.2137865330091359,0.7657908075815348
3,2,8,0.5,0.8,0.5075178472590913,0.7643375081825585
3,2,8,0.5,0.8,0.534821729210985,0.8001343700477778
3,2,8,0.5,0.8,0.49296220346749847,0.7720243860813638
3,2,8,0.5,0.8,0.5171764975449039,0.7892768967453819
3,2,8,0.5,0.8,0.5224103639265216,0.7900234022203704
3,2,9,0.8,0.8,0.8287057767835575,0.7826235702202892
3,2,9,0.8,0.8,0.7992159875376914,0.7714950925787081
3,2,9,0.8,0.8,0.7932279336442613,0.8014127583313688
3,2,9,0.8,0.8,0.7984758341364496,0.7669064385647565
3,2,9,0.8,0.8,0.840763783903661,0.7903521907727465
4,1,1,0.2,0.2,0.20070397814946497,0.175018661656135
4,1,1,0.2,0.2,0.20085062210296328,0.2106842330505406
4,1,1,0.2,0.2,0.22224916762463368,0.1810643858685421
4,1,1,0.2,0.2,0.22396985910433245,0.20180983379408232
4,1,1,0.2,0.2,0.20252709842627498,0.17280747617321568
4,1,2,0.5,0.2,0.49115952305385124,0.18569369005523428
4,1,2,0.5,0.2,0.509944586785277,0.21351287950028783
4,1,2,0.5,0.2,0.51327365474731,0.15505053383632716
4,1,2,0.5,0.2,0.5231314995878765,0.181121898743683
4,1,2,0.5,0.2,0.4993671050689397,0.19696856109356373
4,1,3,0.8,0.2,0.8266594317719035,0.16376654609618102
4,1,3,0.8,0.2,0.8110223652288703,0.18492420075386382
4,1,3,0.8,0.2,0.8087711822469814,0.21831049536384867
4,1,3,0.8,0.2,0.8248237450870588,0.14639282003638002
4,1,3,0.8,0.2,0.8147924287360812,0.1784401424812976
4,1,4,0.2,0.5,0.2046185918004813,0.47129218714709054
4,1,4,0.2,0.5,0.2181122602712841,0.48859132836465247
4,1,4,0.2,0.5,0.23706136465806776,0.5056511494002106
4,1,4,0.2,0.5,0.2294329897666695,0.4812583090902687
4,1,4,0.2,0.5,0.18946209253843313,0.499582650536113
4,1,5,0.5,0.5,0.5131069018935099,0.47723308749978005
4,1,5,0.5,0.5,0.5202085424110104,0.4779356356525515
4,1,5,0.5,0.5,0.49688004375016837,0.45388449798588737
4,1,5,0.5,0.5,0.517739883693822,0.494695920297571
4,1,5,0.5,0.5,0.4983783569023431,0.4865154992101672
4,1,6,0.8,0.5,0.8244753387096437,0.4836722500926566
4,1,6,0.8,0.5,0.8323439529981546,0.46003663662428007
4,1,6,0.8,0.5,0.8195819677968219,0.4980693209653761
4,1,6,0.8,0.5,0.8084430311166523,0.4980524725025448
4,1,6,0.8,0.5,0.794937343540069,0.4530123939625275
4,1,7,0.2,0.8,0.20208643251112843,0.7755182299629915
4,1,7,0.2,0.8,0.1969269792806046,0.7829544110165306
4,1,7,0.2,0.8,0.21757979881054124,0.7916224238640135
4,1,7,0.2,0.8,0.20070717075033992,0.7936593942181471
4,1,7,0.2,0.8,0.19691601649523682,0.7810324419052038
4,1,8,0.5,0.8,0.5177611907856416,0.779753759093657
4,1,8,0.5,0.8,0.519373540828403,0.770423774674807
4,1,8,0.5,0.8,0.5020427184811199,0.7629193298273449
4,1,8,0.5,0.8,0.5086362879612683,0.7841323405480588
4,1,8,0.5,0.8,0.4851613258566441,0.7948080250386458
4,1,9,0.8,0.8,0.811127125279879,0.7917198175140616
4,1,9,0.8,0.8,0.803046870440274,0.7769011109756753
4,1,9,0.8,0.8,0.812817947468168,0.7977731280465323
4,1,9,0.8,0.8,0.8168630873978499,0.7942288881638755
4,1,9,0.8,0.8,0.8266666057332349,0.7885881560831025
4,2,1,0.2,0.2,0.22278716619588945,0.18134428478214787
4,2,1,0.2,0.2,0.2189422443847926,0.19252881412276268
4,2,1,0.2,0.2,0.20834458716156887,0.17542405747143594
4,2,1,0.2,0.2,0.22191482237621973,0.1960397537750723
4,2,1,0.2,0.2,0.20849068997564954,0.1801972132404208
4,2,2,0.5,0.2,0.5182839510680205,0.18529284379803979
4,2,2,0.5,0.2,0.5142371693837655,0.17579997953498971
4,2,2,0.5,0.2,0.5263064790740025,0.17430349262969347
4,2,2,0.5,0.2,0.5076971254332354,0.20653482269525927
4,2,2,0.5,0.2,0.49986418615582484,0.18014342520069995
4,2,3,0.8,0.2,0.8172627412485727,0.18151243173523363
4,2,3,0.8,0.2,0.8130615324035263,0.18023185089351593
4,2,3,0.8,0.2,0.8219783145894357,0.18754168340830107
4,2,3,0.8,0.2,0.8183483383879679,0.1727015382589413
4,2,3,0.8,0.2,0.8041275289181777,0.1969782512676241
4,2,4,0.2,0.5,0.19484975417058994,0.4978629513415888
4,2,4,0.2,0.5,0.20991572962891794,0.5028604611097824
4,2,4,0.2,0.5,0.21529504555770776,0.4949651442165777
4,2,4,0.2,0.5,0.22107378881671827,0.4873446320124201
4,2,4,0.2,0.5,0.20495989495411882,0.4745864143748494
4,2,5,0.5,0.5,0.5175651042423667,0.49830601030993305
4,2,5,0.5,0.5,0.5402755310448191,0.49618675023072045
4,2,5,0.5,0.5,0.5312531658350373,0.4950359812890101
4,2,5,0.5,0.5,0.505848698123632,0.46219377076979673
4,2,5,0.5,0.5,0.5047884734555459,0.45752783101823835
4,2,6,0.8,0.5,0.8162107767469653,0.4746145000559183
4,2,6,0.8,0.5,0.7957475958533599,0.4875444792607622
4,2,6,0.8,0.5,0.8095417744067227,0.49671946634884107
4,2,6,0.8,0.5,0.8281313632597399,0.4973651115463721
4,2,6,0.8,0.5,0.8176257436322828,0.4988707861032283
4,2,7,0.2,0.8,0.21504845756393476,0.8115869001940115
4,2,7,0.2,0.8,0.2363740618397624,0.793606497746554
4,2,7,0.2,0.8,0.19682163816744308,0.7697707213550703
4,2,7,0.2,0.8,0.20283226631662502,0.7809727652618155
4,2,7,0.2,0.8,0.1968740684364041,0.790349053866449
4,2,8,0.5,0.8,0.5085685632415179,0.7846313110341093
4,2,8,0.5,0.8,0.5248225134584521,0.797169375739459
4,2,8,0.5,0.8,0.5325971437857593,0.7849676533402442
4,2,8,0.5,0.8,0.5257575244839627,0.7649532003325754
4,2,8,0.5,0.8,0.5212260947531521,0.7925318573214574
4,2,9,0.8,0.8,0.825610442133808,0.811731564061528
4,2,9,0.8,0.8,0.8135773527786555,0.7950268710171299
4,2,9,0.8,0.8,0.790051472676978,0.7958756982058199
4,2,9,0.8,0.8,0.8333277775964517,0.7694150701337539
4,2,9,0.8,0.8,0.8110805253482415,0.8194938217609677
5,1,1,0.2,0.2,0.20587537807426307,0.19720146215693563
5,1,1,0.2,0.2,0.20961370922251452,0.1827736875805476
5,1,1,0.2,0.2,0.1934009033567226,0.2020239607110845
5,1,1,0.2,0.2,0.2195561410361556,0.1934010538060711
5,1,1,0.2,0.2,0.19425329570808017,0.20611228495315106
5,1,2,0.5,0.2,0.5007134537721606,0.2179326056915266
5,1,2,0.5,0.2,0.493224452744429,0.18971332479980804
5,1,2,0.5,0.2,0.5103847051549041,0.21056696423379045
5,1,2,0.5,0.2,0.5071547341191679,0.20015049924448045
5,1,2,0.5,0.2,0.4898613457822684,0.1615569184838025
5,1,3,0.8,0.2,0.8034175273488612,0.22432717048685447
5,1,3,0.8,0.2,0.785728688377629,0.20039524321126637
5,1,3,0.8,0.2,0.7867499499193036,0.199647279666913
5,1,3,0.8,0.2,0.7857112375639412,0.20759321551635013
5,1,3,0.8,0.2,0.7914849965999976,0.19698845121612768
5,1,4,0.2,0.5,0.1825902945518843,0.4876410084640644
5,1,4,0.2,0.5,0.20489093887931664,0.4897097775144357
5,1,4,0.2,0.5,0.20065701548172168,0.5155612722951043
5,1,4,0.2,0.5,0.20743133267303035,0.5127882054813043
5,1,4,0.2,0.5,0.19445936290936217,0.4892656056971622
5,1,5,0.5,0.5,0.5023867818790407,0.511646200449229
5,1,5,0.5,0.5,0.4948192104946365,0.49744114738151674
5,1,5,0.5,0.5,0.4955731585047874,0.5015384052419483
5,1,5,0.5,0.5,0.4975393306232783,0.5403023602840492
5,1,5,0.5,0.5,0.5035350631406897,0.4950245395621081
5,1,6,0.8,0.5,0.8017373937057691,0.4997898354882463
5,1,6,0.8,0.5,0.8080743853679925,0.5165575974745723
5,1,6,0.8,0.5,0.7909437236226251,0.483855896776933
5,1,6,0.8,0.5,0.8031203050992547,0.5049528440314939
5,1,6,0.8,0.5,0.798799492740292,0.4682881303315647
5,1,7,0.2,0.8,0.20994022770236576,0.7876847098229262
5,1,7,0.2,0.8,0.20051130213498966,0.8272150343083555
5,1,7,0.2,0.8,0.22247156541283125,0.8153094131810867
5,1,7,0.2,0.8,0.17884500469263487,0.7931159120080663
5,1,7,0.2,0.8,0.18402020432196997,0.7846463699533274
5,1,8,0.5,0.8,0.482760074945747,0.817891649152531
5,1,8,0.5,0.8,0.48907746366884247,0.815010628899208
5,1,8,0.5,0.8,0.5048567968473426,0.8063702100389023
5,1,8,0.5,0.8,0.48916260598873323,0.8141146288647599
5,1,8,0.5,0.8,0.496222638557453,0.8134837757773147
5,1,9,0.8,0.8,0.7889282139333849,0.7956459314793182
5,1,9,0.8,0.8,0.7783922611039573,0.8195185693831848
5,1,9,0.8,0.8,0.8140903556701587,0.777100662008796
5,1,9,0.8,0.8,0.7831125403173018,0.7905143154263877
5,1,9,0.8,0.8,0.776580000161548,0.7855427105164525
5,2,1,0.2,0.2,0.20864339565116927,0.17739141620322568
5,2,1,0.2,0.2,0.20933096269251147,0.2160226890354705
5,2,1,0.2,0.2,0.19788898994488735,0.2226390372360219
5,2,1,0.2,0.2,0.1878161908911299,0.22886640324728325
5,2,1,0.2,0.2,0.20583780172786864,0.1803633937367235
5,2,2,0.5,0.2,0.520014967536457,0.20487886363479837
5,2,2,0.5,0.2,0.4874949172259029,0.22037250999124708
5,2,2,0.5,0.2,0.51906328377996,0.19032536011391787
5,2,2,0.5,0.2,0.5177721218430127,0.19589623408254167
5,2,2,0.5,0.2,0.5167956812053174,0.2361505364180906
5,2,3,0.8,0.2,0.819415622826408,0.17720303330910217
5,2,3,0.8,0.2,0.8107938259130478,0.18433329335808318
5,2,3,0.8,0.2,0.7949276529836141,0.2098772218841247
5,2,3,0.8,0.2,0.7935578018721853,0.21322288117779242
5,2,3,0.8,0.2,0.8072999046512425,0.20620887254134146
5,2,4,0.2,0.5,0.20797388998607713,0.5403337667445363
5,2,4,0.2,0.5,0.1973755462767623,0.5118023253997269
5,2,4,0.2,0.5,0.22518786070548708,0.5139973958001794
5,2,4,0.2,0.5,0.21052047995495515,0.4808971734059214
5,2,4,0.2,0.5,0.18334318138054273,0.5101082079806702
5,2,5,0.5,0.5,0.4687037349945721,0.5384758406678716
5,2,5,0.5,0.5,0.48415582528388623,0.4838201518474338
5,2,5,0.5,0.5,0.5194978040041848,0.5086822351948097
5,2,5,0.5,0.5,0.5042248662679955,0.4888030997184391
5,2,5,0.5,0.5,0.4926487346812476,0.5026535706539942
5,2,6,0.8,0.5,0.7984673379984149,0.496531085062356
5,2,6,0.8,0.5,0.7879834547535919,0.4971736684260169
5,2,6,0.8,0.5,0.7947515856256778,0.4955465286811275
5,2,6,0.8,0.5,0.8070738851078784,0.5239610239907608
5,2,6,0.8,0.5,0.8108849140273547,0.5072602167818283
5,2,7,0.2,0.8,0.19297727155333033,0.8239464414213982
5,2,7,0.2,0.8,0.18083994183781388,0.8103683826000132
5,2,7,0.2,0.8,0.213300056380875,0.7924099415665375
5,2,7,0.2,0.8,0.20369878025441626,0.7914429997091356
5,2,7,0.2,0.8,0.20730587129264277,0.7885962474079522
5,2,8,0.5,0.8,0.48860265994896274,0.8228070727785495
5,2,8,0.5,0.8,0.4876900931316376,0.8180857842637411
5,2,8,0.5,0.8,0.49265383117154454,0.810946335068389
5,2,8,0.5,0.8,0.49176451816473354,0.8186350156988857
5,2,8,0.5,0.8,0.5016134143794112,0.8075296048633857
5,2,9,0.8,0.8,0.8076063904693992,0.793477630581325
5,2,9,0.8,0.8,0.7828420968307196,0.8057472561924968
5,2,9,0.8,0.8,0.7883121952482486,0.8081651872634033
5,2,9,0.8,0.8,0.811461660881744,0.8048663491236356
5,2,9,0.8,0.8,0.7902853993667415,0.8012083239376233
6,1,1,0.2,0.2,0.2074496598046539,0.18935827470745234
6,1,1,0.2,0.2,0.21162003595328577,0.20239254775757862
6,1,1,0.2,0.2,0.21873960019918018,0.1993194694109244
6,1,1,0.2,0.2,0.21744407961317122,0.21147496090235776
6,1,1,0.2,0.2,0.21944997103638048,0.19044900049453273
6,1,2,0.5,0.2,0.4936862142044459,0.20826251761877
6,1,2,0.5,0.2,0.5104233827931339,0.19019016510035347
6,1,2,0.5,0.2,0.5060052503209262,0.21170541442490748
6,1,2,0.5,0.2,0.4902994894296822,0.19862621862305488
6,1,2,0.5,0.2,0.5236536070954527,0.2164669206749345
6,1,3,0.8,0.2,0.7877111500266701,0.2056993944951388
6,1,3,0.8,0.2,0.8165191827658601,0.19914208051550572
6,1,3,0.8,0.2,0.7956159351820342,0.2226793880344754
6,1,3,0.8,0.2,0.816306508320316,0.20914286344230593
6,1,3,0.8,0.2,0.8137124181737531,0.20039878607460196
6,1,4,0.2,0.5,0.20367339678218732,0.5224324894280817
6,1,4,0.2,0.5,0.19887234187396782,0.49746223985009697
6,1,4,0.2,0.5,0.20182881412657433,0.49689194787388596
6,1,4,0.2,0.5,0.1968699345379059,0.49401972960989915
6,1,4,0.2,0.5,0.20327643182341237,0.47476791393804824
6,1,5,0.5,0.5,0.4977410733385298,0.49136317745972796
6,1,5,0.5,0.5,0.4822816518819388,0.4667685975527992
6,1,5,0.5,0.5,0.5165324884454315,0.5149546428012811
6,1,5,0.5,0.5,0.5062434238361436,0.5061147620785963
6,1,5,0.5,0.5,0.4976919240253389,0.5060345163119533
6,1,6,0.8,0.5,0.8074840235835873,0.506649268536591
6,1,6,0.8,0.5,0.8083307000301001,0.5067160424924838
6,1,6,0.8,0.5,0.7923845253847172,0.49957373696243135
6,1,6,0.8,0.5,0.7841599042937442,0.5115993493694219
6,1,6,0.8,0.5,0.812494530589389,0.5245950063987102
6,1,7,0.2,0.8,0.22613899092749126,0.7952669375978363
6,1,7,0.2,0.8,0.21262351430549964,0.773805433776716
6,1,7,0.2,0.8,0.1939206860242758,0.831011709762464
6,1,7,0.2,0.8,0.21414149448919273,0.7911946332615695
6,1,7,0.2,0.8,0.21103139915518623,0.810412748419076
6,1,8,0.5,0.8,0.5021071472660238,0.8011745966360589
6,1,8,0.5,0.8,0.5124603978523763,0.814072197865043
6,1,8,0.5,0.8,0.5007722876217557,0.7895603486198968
6,1,8,0.5,0.8,0.513319395128573,0.7966239429241759
6,1,8,0.5,0.8,0.5093702619721332,0.8021118067730442
6,1,9,0.8,0.8,0.8025290342563416,0.8128648957829087
6,1,9,0.8,0.8,0.7862049629878982,0.7921619063564661
6,1,9,0.8,0.8,0.8029970760626667,0.7857737020563577
6,1,9,0.8,0.8,0.7914188049418935,0.7882461618865079
6,1,9,0.8,0.8,0.8262864793619017,0.7871488914591037
6,2,1,0.2,0.2,0.21974447841797504,0.20748918363845595
6,2,1,0.2,0.2,0.23123599743405354,0.18822281311754507
6,2,1,0.2,0.2,0.20848319951350036,0.20429268928847152
6,2,1,0.2,0.2,0.19966274215042074,0.2365223609322477
6,2,1,0.2,0.2,0.22030490068105285,0.2028424503944775
6,2,2,0.5,0.2,0.49532168194776804,0.21540784047205044
6,2,2,0.5,0.2,0.5099712813013071,0.2253689190353469
6,2,2,0.5,0.2,0.5111815375481692,0.2065980479889175
6,2,2,0.5,0.2,0.5073321522991155,0.21093484799706066
6,2,2,0.5,0.2,0.5175857979909162,0.19003943925220212
6,2,3,0.8,0.2,0.7779178270629714,0.194128356498602
6,2,3,0.8,0.2,0.7920343798304327,0.19351337157288892
6,2,3,0.8,0.2,0.8092737492302946,0.21279837302811128
6,2,3,0.8,0.2,0.8362553044780913,0.20238141186853867
6,2,3,0.8,0.2,0.8064826325354496,0.19600689647666256
6,2,4,0.2,0.5,0.18411590796662713,0.5266638697648518
6,2,4,0.2,0.5,0.18859847658075407,0.5049205819739053
6,2,4,0.2,0.5,0.1916907499479278,0.508588501698099
6,2,4,0.2,0.5,0.20175151712033174,0.4821438202151866
6,2,4,0.2,0.5,0.19076009739327218,0.5295491018013251
6,2,5,0.5,0.5,0.4972091936385048,0.5398604457112558
6,2,5,0.5,0.5,0.515362378916027,0.513110228550627
6,2,5,0.5,0.5,0.5213733463251259,0.4955218925656719
6,2,5,0.5,0.5,0.5200615954452735,0.5113020460812436
6,2,5,0.5,0.5,0.5082566910623826,0.5041205927794724
6,2,6,0.8,0.5,0.8059622349085653,0.5252453511198186
6,2,6,0.8,0.5,0.8304947852179652,0.5035548131014299
6,2,6,0.8,0.5,0.7900431687390903,0.515588805998154
6,2,6,0.8,0.5,0.7993136843641221,0.5071074126359861
6,2,6,0.8,0.5,0.8106825625805563,0.5012713392977729
6,2,7,0.2,0.8,0.21525986578733966,0.8053949467506702
6,2,7,0.2,0.8,0.20198672895446304,0.778857321089812
6,2,7,0.2,0.8,0.18884664256049472,0.8166478980486814
6,2,7,0.2,0.8,0.20508930948632748,0.7884915419515395
6,2,7,0.2,0.8,0.19060479370818278,0.8060411950199203
6,2,8,0.5,0.8,0.5111630702215487,0.808921964287913
6,2,8,0.5,0.8,0.48149323993661003,0.8014640254292964
6,2,8,0.5,0.8,0.5105437854195461,0.7936521151377167
6,2,8,0.5,0.8,0.5014797418071892,0.8219457879368766
6,2,8,0.5,0.8,0.5149688813275205,0.7763685735003972
6,2,9,0.8,0.8,0.8104196442960029,0.8227657305322915
6,2,9,0.8,0.8,0.8158226048405498,0.8089664339100597
6,2,9,0.8,0.8,0.7943546106339017,0.7941107454730212
6,2,9,0.8,0.8,0.8050837509198755,0.8273739231931694
6,2,9,0.8,0.8,0.8044061113809079,0.8056553736803752
7,1,1,0.2,0.2,0.2199128493169431,0.2098432341004513
7,1,1,0.2,0.2,0.21841876660726697,0.2126520230806875
7,1,1,0.2,0.2,0.21454401813657642,0.18806445877837413
7,1,1,0.2,0.2,0.2199139536023984,0.19906865606908242
7,1,1,0.2,0.2,0.206245080871672,0.21866395316790427
7,1,2,0.5,0.2,0.48897074487560677,0.20837645627084414
7,1,2,0.5,0.2,0.5060424835588954,0.20995902009923928
7,1,2,0.5,0.2,0.5067417472039953,0.19985698349543507
7,1,2,0.5,0.2,0.5169628231752224,0.2056581686777113
7,1,2,0.5,0.2,0.5065678139547333,0.21461173766691585
7,1,3,0.8,0.2,0.8350086673722136,0.19368422454958284
7,1,3,0.8,0.2,0.828957899308429,0.23495464189264384
7,1,3,0.8,0.2,0.803382940840194,0.21565515117623868
7,1,3,0.8,0.2,0.8080341986939733,0.19564633816678947
7,1,3,0.8,0.2,0.8198189139643228,0.21571974850938444
7,1,4,0.2,0.5,0.23656752494043026,0.5063152852910721
7,1,4,0.2,0.5,0.21112343365620956,0.529231740090956
7,1,4,0.2,0.5,0.23186538641607737,0.5280199207801689
7,1,4,0.2,0.5,0.208216252219259,0.5302487262997951
7,1,4,0.2,0.5,0.21143869050132943,0.5120862114969131
7,1,5,0.5,0.5,0.5071738554674031,0.5056837181412213
7,1,5,0.5,0.5,0.5028653175185644,0.5134656358740136
7,1,5,0.5,0.5,0.5327112716671305,0.4990042279428397
7,1,5,0.5,0.5,0.5139364359430676,0.4919650270331885
7,1,5,0.5,0.5,0.5211458828634733,0.5175689273692858
7,1,6,0.8,0.5,0.8054916641797025,0.4932745989188454
7,1,6,0.8,0.5,0.791100231608011,0.516110468385482
7,1,6,0.8,0.5,0.8312032982938246,0.49036463301195177
7,1,6,0.8,0.5,0.8203418785416848,0.4990395346778653
7,1,6,0.8,0.5,0.8275146153820435,0.5140306921479696
7,1,7,0.2,0.8,0.21165398290203669,0.8230107757287356
7,1,7,0.2,0.8,0.21719025052994068,0.8134157712302356
7,1,7,0.2,0.8,0.201941897094624,0.820776651557269
7,1,7,0.2,0.8,0.2112087255809346,0.8195360757978051
7,1,7,0.2,0.8,0.22082455121735767,0.8020961461840634
7,1,8,0.5,0.8,0.5160190016994914,0.831719235586469
7,1,8,0.5,0.8,0.4993256346352994,0.8181983784860899
7,1,8,0.5,0.8,0.516620766454138,0.8245252327879169
7,1,8,0.5,0.8,0.5053798437177148,0.8056095115499708
7,1,8,0.5,0.8,0.5268991013751528,0.7936065454790691
7,1,9,0.8,0.8,0.8048978323589092,0.8050322757619892
7,1,9,0.8,0.8,0.7956709988037172,0.8062252263828994
7,1,9,0.8,0.8,0.8054432953635379,0.8271150569638172
7,1,9,0.8,0.8,0.8186276502668235,0.8035010231788136
7,1,9,0.8,0.8,0.7997480024607609,0.8417202094046381
7,2,1,0.2,0.2,0.2069955841503975,0.2219191332817368
7,2,1,0.2,0.2,0.2204813182127678,0.21215498337051084
7,2,1,0.2,0.2,0.2319478215664908,0.22330565736522962
7,2,1,0.2,0.2,0.23767390276365666,0.1955673653989115
7,2,1,0.2,0.2,0.21278155374849328,0.2100416387888253
7,2,2,0.5,0.2,0.5240830183313102,0.21372118598073106
7,2,2,0.5,0.2,0.5341322237137748,0.20884804450221503
7,2,2,0.5,0.2,0.49904829978286463,0.2241433929085013
7,2,2,0.5,0.2,0.5092454404189639,0.20474219479084718
7,2,2,0.5,0.2,0.5167927042519056,0.189975666151614
7,2,3,0.8,0.2,0.812135168999495,0.2119131829081974
7,2,3,0.8,0.2,0.818954978900226,0.2086289283383101
7,2,3,0.8,0.2,0.809662713789123,0.22404095955461134
7,2,3,0.8,0.2,0.8222110940819889,0.20658443299229554
7,2,3,0.8,0.2,0.8232696430806864,0.20156547824032273
7,2,4,0.2,0.5,0.21902053958572,0.501369463714142
7,2,4,0.2,0.5,0.1994775652216091,0.5138886948585006
7,2,4,0.2,0.5,0.23415028052721942,0.4994201390587422
7,2,4,0.2,0.5,0.22926393083031255,0.5160322235128622
7,2,4,0.2,0.5,0.22925341132710353,0.5135457896854337
7,2,5,0.5,0.5,0.5095415619173521,0.5306799154414644
7,2,5,0.5,0.5,0.5079465816008817,0.5378424106440662
7,2,5,0.5,0.5,0.5102412645974727,0.5154506368657131
7,2,5,0.5,0.5,0.5201259964493875,0.5206278248205576
7,2,5,0.5,0.5,0.5361318896752802,0.5012860998405897
7,2,6,0.8,0.5,0.8080682078072952,0.5145773066684384
7,2,6,0.8,0.5,0.8275841368212128,0.5160582603379129
7,2,6,0.8,0.5,0.8091380699343993,0.5075726379536749
7,2,6,0.8,0.5,0.8129329733239153,0.5180742513466351
7,2,6,0.8,0.5,0.8345022956992708,0.5268939596428833
7,2,7,0.2,0.8,0.21570937204451981,0.8144424123044818
7,2,7,0.2,0.8,0.20251061157063577,0.8127365211114054
7,2,7,0.2,0.8,0.2160138750910641,0.8329497565274614
7,2,7,0.2,0.8,0.21820725828129467,0.8291516910911005
7,2,7,0.2,0.8,0.20254401438948974,0.7904099268746306
7,2,8,0.5,0.8,0.5284668312620416,0.8282285756511882
7,2,8,0.5,0.8,0.5122033424254405,0.794243811872035
7,2,8,0.5,0.8,0.5189890401028364,0.8030252477847106
7,2,8,0.5,0.8,0.5224101353007546,0.8162058998114596
7,2,8,0.5,0.8,0.5095506623975653,0.8131677460937867
7,2,9,0.8,0.8,0.82251336429116,0.8123774331007437
7,2,9,0.8,0.8,0.8329408169077166,0.8393438295613517
7,2,9,0.8,0.8,0.8124300796573802,0.8286995293635705
7,2,9,0.8,0.8,0.8105427987717141,0.8042403053449929
7,2,9,0.8,0.8,0.833406036030317,0.8188624690719377
8,1,1,0.2,0.2,0.2228490378037938,0.19959559347881606
8,1,1,0.2,0.2,0.2273901132618609,0.2089766206939066
8,1,1,0.2,0.2,0.20541776342517373,0.23294404130464208
8,1,1,0.2,0.2,0.2175904852311615,0.19978460059832606
8,1,1,0.2,0.2,0.22169233448798617,0.19146844887108475
8,1,2,0.5,0.2,0.5155216412554224,0.20333591248189625
8,1,2,0.5,0.2,0.5104607939738174,0.22010760649931457
8,1,2,0.5,0.2,0.5158518661241513,0.19781078480186853
8,1,2,0.5,0.2,0.5099578703537505,0.2202158551573655
8,1,2,0.5,0.2,0.5076317445986662,0.19818950165077764
8,1,3,0.8,0.2,0.7867654537824614,0.1990974297630639
8,1,3,0.8,0.2,0.7988168339197501,0.19856314515203352
8,1,3,0.8,0.2,0.808060318318255,0.20479350358495665
8,1,3,0.8,0.2,0.8015244236730868,0.2096932791722573
8,1,3,0.8,0.2,0.8096450397840451,0.19687854199112817
8,1,4,0.2,0.5,0.20640912265925418,0.4956071521253579
8,1,4,0.2,0.5,0.2168085507315064,0.4932478276505096
8,1,4,0.2,0.5,0.21091008791971463,0.5038271689595959
8,1,4,0.2,0.5,0.224424532497656,0.5178454399339288
8,1,4,0.2,0.5,0.21933701492380683,0.49188816731502133
8,1,5,0.5,0.5,0.5097067127088191,0.4849070936071882
8,1,5,0.5,0.5,0.5218305649769157,0.4911225858410676
8,1,5,0.5,0.5,0.52294319910559,0.48684944278182246
8,1,5,0.5,0.5,0.5016851344730217,0.4994954206377184
8,1,5,0.5,0.5,0.50375380903308,0.49173103052649375
8,1,6,0.8,0.5,0.8418052189208913,0.507274581847508
8,1,6,0.8,0.5,0.8069000071944619,0.490533490391289
8,1,6,0.8,0.5,0.8235220951980333,0.5115750515657227
8,1,6,0.8,0.5,0.82039789583302,0.48785769663479917
8,1,6,0.8,0.5,0.8254615578632633,0.5465078863349587
8,1,7,0.2,0.8,0.2074599029132092,0.8105382433980877
8,1,7,0.2,0.8,0.20510498962547916,0.7965007516466746
8,1,7,0.2,0.8,0.21003743085335233,0.7975716319351204
8,1,7,0.2,0.8,0.19757921853743612,0.7928793191241353
8,1,7,0.2,0.8,0.19470138572715015,0.7943873924681013
8,1,8,0.5,0.8,0.4905973877180974,0.7908041504564698
8,1,8,0.5,0.8,0.5152559097637515,0.8087128541698907
8,1,8,0.5,0.8,0.5317896508125968,0.7919130515315369
8,1,8,0.5,0.8,0.4989111830142497,0.8085809241731149
8,1,8,0.5,0.8,0.5074192017775869,0.7876355241648083
8,1,9,0.8,0.8,0.8214201754966415,0.7825800023712438
8,1,9,0.8,0.8,0.7893399914571567,0.8200363097620812
8,1,9,0.8,0.8,0.8056619999295482,0.7860740258110696
8,1,9,0.8,0.8,0.8262758668668247,0.7784988868739179
8,1,9,0.8,0.8,0.8082536706690632,0.8179143850057261
8,2,1,0.2,0.2,0.2309960067547825,0.204789066915847
8,2,1,0.2,0.2,0.21606953224128522,0.19242730213514775
8,2,1,0.2,0.2,0.23469684154176546,0.18925061777518956
8,2,1,0.2,0.2,0.22906898029813055,0.19806734851445199
8,2,1,0.2,0.2,0.22236059369298627,0.2026474632064053
8,2,2,0.5,0.2,0.4975352976574923,0.20883707263240434
8,2,2,0.5,0.2,0.5190284162070593,0.21221177017089796
8,2,2,0.5,0.2,0.5371085056252546,0.225542146841534
8,2,2,0.5,0.2,0.5195471755134049,0.19928918390584233
8,2,2,0.5,0.2,0.5238944218511119,0.20567681419798461
8,2,3,0.8,0.2,0.816562547673895,0.20737609949531935
8,2,3,0.8,0.2,0.8219878800002345,0.19467442915369038
8,2,3,0.8,0.2,0.8374116752261263,0.21479922740657892
8,2,3,0.8,0.2,0.8172165550961072,0.22419547617886867
8,2,3,0.8,0.2,0.8132404259937025,0.18537587602642908
8,2,4,0.2,0.5,0.2289500033400763,0.5232844714776808
8,2,4,0.2,0.5,0.20476525026403725,0.4897036733090642
8,2,4,0.2,0.5,0.19713808890937073,0.504579663745933
8,2,4,0.2,0.5,0.20156476371120802,0.49483379235776964
8,2,4,0.2,0.5,0.21019610337689745,0.4921661424101269
8,2,5,0.5,0.5,0.5160503850387697,0.5040924725843527
8,2,5,0.5,0.5,0.5321333562670059,0.47609094856234546
8,2,5,0.5,0.5,0.49615338300404593,0.5041100725240811
8,2,5,0.5,0.5,0.5157800422190775,0.5145575935819344
8,2,5,0.5,0.5,0.5085873766937644,0.4974969721162212
8,2,6,0.8,0.5,0.8144743700995132,0.4873767345600259
8,2,6,0.8,0.5,0.8135823601963567,0.5057991794326002
8,2,6,0.8,0.5,0.8171221266706145,0.4994558817592981
8,2,6,0.8,0.5,0.8091375201215076,0.5039907345961392
8,2,6,0.8,0.5,0.8183096024120731,0.5258383386708178
8,2,7,0.2,0.8,0.22308250496549178,0.7905775960395228
8,2,7,0.2,0.8,0.20351332355451435,0.8067850947692007
8,2,7,0.2,0.8,0.23422884080681092,0.8014480384332636
8,2,7,0.2,0.8,0.21484816572402377,0.7879018298800302
8,2,7,0.2,0.8,0.21142741923179678,0.8026441240593567
8,2,8,0.5,0.8,0.512598845070853,0.815070053329654
8,2,8,0.5,0.8,0.5244375232411712,0.7877460851786563
8,2,8,0.5,0.8,0.5170362145823123,0.8066557987573437
8,2,8,0.5,0.8,0.523494242903926,0.7944509319536321
8,2,8,0.5,0.8,0.5299250037199622,0.7905275918419379
8,2,9,0.8,0.8,0.8330423438797947,0.8042684928987444
8,2,9,0.8,0.8,0.8207535681609457,0.7834634613062754
8,2,9,0.8,0.8,0.7921878194085922,0.8173353862044321
8,2,9,0.8,0.8,0.8388353281558778,0.7976109860809274
8,2,9,0.8,0.8,0.813077157822009,0.7959366622279507
