function,module,category,status,evidence_class,documentation,tests
eye_plot_spec,030-measurement-intelligence-utils.R,measurement intelligence utils,implemented,reference_implementation,grouped_Rd,targeted
plot_diagnostics,030-measurement-intelligence-utils.R,measurement intelligence utils,implemented,reference_implementation,grouped_Rd,targeted
plot_evidence,030-measurement-intelligence-utils.R,measurement intelligence utils,implemented,reference_implementation,grouped_Rd,targeted
plot_sensitivity,030-measurement-intelligence-utils.R,measurement intelligence utils,implemented,reference_implementation,grouped_Rd,targeted
autoplot_eyeprocess,030-measurement-intelligence-utils.R,measurement intelligence utils,implemented,reference_implementation,grouped_Rd,targeted
assign_aois_probabilistic,031-probabilistic-aoi.R,probabilistic aoi,implemented,reference_implementation,grouped_Rd,targeted
audit_aoi_separation,031-probabilistic-aoi.R,probabilistic aoi,implemented,reference_implementation,grouped_Rd,targeted
summarise_aoi_membership,031-probabilistic-aoi.R,probabilistic aoi,implemented,reference_implementation,grouped_Rd,targeted
propagate_aoi_uncertainty,031-probabilistic-aoi.R,probabilistic aoi,implemented,reference_implementation,grouped_Rd,targeted
plot_aoi_probability_map,031-probabilistic-aoi.R,probabilistic aoi,implemented,reference_implementation,grouped_Rd,targeted
plot_aoi_boundary_risk,031-probabilistic-aoi.R,probabilistic aoi,implemented,reference_implementation,grouped_Rd,targeted
plot_probabilistic_scanpath,031-probabilistic-aoi.R,probabilistic aoi,implemented,reference_implementation,grouped_Rd,targeted
plot_fuzzy_transition_matrix,031-probabilistic-aoi.R,probabilistic aoi,implemented,reference_implementation,grouped_Rd,targeted
plot_aoi_metric_uncertainty,031-probabilistic-aoi.R,probabilistic aoi,implemented,reference_implementation,grouped_Rd,targeted
derive_aoi_composition,032-compositional-aoi.R,compositional aoi,implemented,reference_implementation,grouped_Rd,targeted
transform_aoi_composition,032-compositional-aoi.R,compositional aoi,implemented,reference_implementation,grouped_Rd,targeted
fit_aoi_compositional_model,032-compositional-aoi.R,compositional aoi,implemented,reference_implementation,grouped_Rd,targeted
compare_aoi_compositions,032-compositional-aoi.R,compositional aoi,implemented,reference_implementation,grouped_Rd,targeted
aoi_balance_coordinates,032-compositional-aoi.R,compositional aoi,implemented,reference_implementation,grouped_Rd,targeted
plot_aoi_ternary,032-compositional-aoi.R,compositional aoi,implemented,reference_implementation,grouped_Rd,targeted
plot_aoi_balance_biplot,032-compositional-aoi.R,compositional aoi,implemented,reference_implementation,grouped_Rd,targeted
plot_aoi_variation_matrix,032-compositional-aoi.R,compositional aoi,implemented,reference_implementation,grouped_Rd,targeted
plot_compositional_group_difference,032-compositional-aoi.R,compositional aoi,implemented,reference_implementation,grouped_Rd,targeted
plot_aoi_composition_trajectory,032-compositional-aoi.R,compositional aoi,implemented,reference_implementation,grouped_Rd,targeted
process_uncertainty_spec,033-process-uncertainty.R,process uncertainty,implemented,reference_implementation,grouped_Rd,targeted
estimate_process_uncertainty,033-process-uncertainty.R,process uncertainty,implemented,reference_implementation,grouped_Rd,targeted
propagate_process_uncertainty,033-process-uncertainty.R,process uncertainty,implemented,reference_implementation,grouped_Rd,targeted
uncertainty_budget,033-process-uncertainty.R,process uncertainty,implemented,reference_implementation,grouped_Rd,targeted
compare_uncertainty_budgets,033-process-uncertainty.R,process uncertainty,implemented,reference_implementation,grouped_Rd,targeted
plot_uncertainty_waterfall,033-process-uncertainty.R,process uncertainty,implemented,reference_implementation,grouped_Rd,targeted
plot_uncertainty_tornado,033-process-uncertainty.R,process uncertainty,implemented,reference_implementation,grouped_Rd,targeted
plot_uncertainty_by_item,033-process-uncertainty.R,process uncertainty,implemented,reference_implementation,grouped_Rd,targeted
plot_uncertainty_by_stage,033-process-uncertainty.R,process uncertainty,implemented,reference_implementation,grouped_Rd,targeted
detect_calibration_drift,034-calibration-recalibration.R,calibration recalibration,implemented,reference_implementation,grouped_Rd,targeted
fit_offline_recalibration,034-calibration-recalibration.R,calibration recalibration,implemented,reference_implementation,grouped_Rd,targeted
apply_offline_recalibration,034-calibration-recalibration.R,calibration recalibration,implemented,reference_implementation,grouped_Rd,targeted
audit_recalibration,034-calibration-recalibration.R,calibration recalibration,implemented,reference_implementation,grouped_Rd,targeted
plot_calibration_vector_field,034-calibration-recalibration.R,calibration recalibration,implemented,reference_implementation,grouped_Rd,targeted
plot_calibration_error_ellipses,034-calibration-recalibration.R,calibration recalibration,implemented,reference_implementation,grouped_Rd,targeted
plot_drift_over_time,034-calibration-recalibration.R,calibration recalibration,implemented,reference_implementation,grouped_Rd,targeted
plot_recalibration_before_after,034-calibration-recalibration.R,calibration recalibration,implemented,reference_implementation,grouped_Rd,targeted
plot_screen_coverage,034-calibration-recalibration.R,calibration recalibration,implemented,reference_implementation,grouped_Rd,targeted
fit_process_gstudy,035-process-reliability.R,process reliability,implemented,reference_implementation,grouped_Rd,targeted
process_variance_components,035-process-reliability.R,process reliability,implemented,reference_implementation,grouped_Rd,targeted
design_process_dstudy,035-process-reliability.R,process reliability,implemented,reference_implementation,grouped_Rd,targeted
audit_process_reliability,035-process-reliability.R,process reliability,implemented,reference_implementation,grouped_Rd,targeted
plot_variance_components,035-process-reliability.R,process reliability,implemented,reference_implementation,grouped_Rd,targeted
plot_dependability_surface,035-process-reliability.R,process reliability,implemented,reference_implementation,grouped_Rd,targeted
plot_reliability_by_metric,035-process-reliability.R,process reliability,implemented,reference_implementation,grouped_Rd,targeted
plot_session_stability,035-process-reliability.R,process reliability,implemented,reference_implementation,grouped_Rd,targeted
plot_item_sampling_reliability,035-process-reliability.R,process reliability,implemented,reference_implementation,grouped_Rd,targeted
fit_device_linking,036-device-linking.R,device linking,implemented,reference_implementation,grouped_Rd,targeted
apply_device_linking,036-device-linking.R,device linking,implemented,reference_implementation,grouped_Rd,targeted
audit_device_equivalence,036-device-linking.R,device linking,implemented,reference_implementation,grouped_Rd,targeted
estimate_device_specific_error,036-device-linking.R,device linking,implemented,reference_implementation,grouped_Rd,targeted
plot_device_agreement,036-device-linking.R,device linking,implemented,reference_implementation,grouped_Rd,targeted
plot_device_bias_by_magnitude,036-device-linking.R,device linking,implemented,reference_implementation,grouped_Rd,targeted
plot_device_transfer_curve,036-device-linking.R,device linking,implemented,reference_implementation,grouped_Rd,targeted
plot_device_equivalence_intervals,036-device-linking.R,device linking,implemented,reference_implementation,grouped_Rd,targeted
plot_cross_vendor_metric_matrix,036-device-linking.R,device linking,implemented,reference_implementation,grouped_Rd,targeted
register_pupil_curves,037-pupil-registration.R,pupil registration,implemented,reference_implementation,grouped_Rd,targeted
decompose_pupil_phase_amplitude,037-pupil-registration.R,pupil registration,implemented,reference_implementation,grouped_Rd,targeted
fit_phase_amplitude_irt,037-pupil-registration.R,pupil registration,implemented,reference_implementation,grouped_Rd,targeted
audit_pupil_registration,037-pupil-registration.R,pupil registration,implemented,reference_implementation,grouped_Rd,targeted
plot_pupil_registration,037-pupil-registration.R,pupil registration,implemented,reference_implementation,grouped_Rd,targeted
plot_warping_functions,037-pupil-registration.R,pupil registration,implemented,reference_implementation,grouped_Rd,targeted
plot_phase_amplitude_scores,037-pupil-registration.R,pupil registration,implemented,reference_implementation,grouped_Rd,targeted
plot_item_phase_delay,037-pupil-registration.R,pupil registration,implemented,reference_implementation,grouped_Rd,targeted
plot_registered_pupil_effects,037-pupil-registration.R,pupil registration,implemented,reference_implementation,grouped_Rd,targeted
fit_process_observation_model,038-informative-missingness.R,informative missingness,implemented,reference_implementation,grouped_Rd,targeted
fit_joint_signal_missingness,038-informative-missingness.R,informative missingness,implemented,reference_implementation,grouped_Rd,targeted
process_pattern_mixture,038-informative-missingness.R,informative missingness,implemented,reference_implementation,grouped_Rd,targeted
sensitivity_mnar_process,038-informative-missingness.R,informative missingness,implemented,reference_implementation,grouped_Rd,targeted
plot_observation_probability,038-informative-missingness.R,informative missingness,implemented,reference_implementation,grouped_Rd,targeted
plot_missingness_by_time,038-informative-missingness.R,informative missingness,implemented,reference_implementation,grouped_Rd,targeted
plot_missingness_by_aoi,038-informative-missingness.R,informative missingness,implemented,reference_implementation,grouped_Rd,targeted
plot_mnar_tipping_point,038-informative-missingness.R,informative missingness,implemented,reference_implementation,grouped_Rd,targeted
plot_complete_case_sensitivity,038-informative-missingness.R,informative missingness,implemented,reference_implementation,grouped_Rd,targeted
gaze_recurrence,039-recurrence-analysis.R,recurrence analysis,implemented,reference_implementation,grouped_Rd,targeted
cross_recurrence,039-recurrence-analysis.R,recurrence analysis,implemented,reference_implementation,grouped_Rd,targeted
windowed_recurrence,039-recurrence-analysis.R,recurrence analysis,implemented,reference_implementation,grouped_Rd,targeted
recurrence_features,039-recurrence-analysis.R,recurrence analysis,implemented,reference_implementation,grouped_Rd,targeted
plot_recurrence_matrix,039-recurrence-analysis.R,recurrence analysis,implemented,reference_implementation,grouped_Rd,targeted
plot_windowed_recurrence,039-recurrence-analysis.R,recurrence analysis,implemented,reference_implementation,grouped_Rd,targeted
plot_diagonal_recurrence_profile,039-recurrence-analysis.R,recurrence analysis,implemented,reference_implementation,grouped_Rd,targeted
plot_crossmodal_recurrence,039-recurrence-analysis.R,recurrence analysis,implemented,reference_implementation,grouped_Rd,targeted
plot_recurrence_network,039-recurrence-analysis.R,recurrence analysis,implemented,reference_implementation,grouped_Rd,targeted
fit_fixation_point_process,040-fixation-point-process.R,fixation point process,implemented,reference_implementation,grouped_Rd,targeted
fit_marked_gaze_process,040-fixation-point-process.R,fixation point process,implemented,reference_implementation,grouped_Rd,targeted
predict_fixation_intensity,040-fixation-point-process.R,fixation point process,implemented,reference_implementation,grouped_Rd,targeted
diagnose_gaze_point_process,040-fixation-point-process.R,fixation point process,implemented,reference_implementation,grouped_Rd,targeted
plot_fixation_intensity,040-fixation-point-process.R,fixation point process,implemented,reference_implementation,grouped_Rd,targeted
plot_spatial_residuals,040-fixation-point-process.R,fixation point process,implemented,reference_implementation,grouped_Rd,targeted
plot_temporal_excitation_kernel,040-fixation-point-process.R,fixation point process,implemented,reference_implementation,grouped_Rd,targeted
plot_covariate_effect_surface,040-fixation-point-process.R,fixation point process,implemented,reference_implementation,grouped_Rd,targeted
plot_observed_expected_fixations,040-fixation-point-process.R,fixation point process,implemented,reference_implementation,grouped_Rd,targeted
representative_scanpath,041-representative-scanpaths.R,representative scanpaths,implemented,reference_implementation,grouped_Rd,targeted
scanpath_dispersion,041-representative-scanpaths.R,representative scanpaths,implemented,reference_implementation,grouped_Rd,targeted
compare_scanpath_distributions,041-representative-scanpaths.R,representative scanpaths,implemented,reference_implementation,grouped_Rd,targeted
bootstrap_representative_scanpath,041-representative-scanpaths.R,representative scanpaths,implemented,reference_implementation,grouped_Rd,targeted
plot_scanpath_atlas,041-representative-scanpaths.R,representative scanpaths,implemented,reference_implementation,grouped_Rd,targeted
plot_representative_scanpath,041-representative-scanpaths.R,representative scanpaths,implemented,reference_implementation,grouped_Rd,targeted
plot_scanpath_dispersion,041-representative-scanpaths.R,representative scanpaths,implemented,reference_implementation,grouped_Rd,targeted
plot_group_scanpath_transport,041-representative-scanpaths.R,representative scanpaths,implemented,reference_implementation,grouped_Rd,targeted
plot_scanpath_similarity_matrix,041-representative-scanpaths.R,representative scanpaths,implemented,reference_implementation,grouped_Rd,targeted
detect_process_changepoints,042-process-episodes.R,process episodes,implemented,reference_implementation,grouped_Rd,targeted
segment_process_episodes,042-process-episodes.R,process episodes,implemented,reference_implementation,grouped_Rd,targeted
label_process_episodes,042-process-episodes.R,process episodes,implemented,reference_implementation,grouped_Rd,targeted
compare_episode_structure,042-process-episodes.R,process episodes,implemented,reference_implementation,grouped_Rd,targeted
plot_process_episodes,042-process-episodes.R,process episodes,implemented,reference_implementation,grouped_Rd,targeted
plot_changepoint_ribbons,042-process-episodes.R,process episodes,implemented,reference_implementation,grouped_Rd,targeted
plot_episode_waterfall,042-process-episodes.R,process episodes,implemented,reference_implementation,grouped_Rd,targeted
plot_episode_transition_graph,042-process-episodes.R,process episodes,implemented,reference_implementation,grouped_Rd,targeted
plot_episode_duration_distribution,042-process-episodes.R,process episodes,implemented,reference_implementation,grouped_Rd,targeted
item_objective_spec,043-item-bank-optimization.R,item bank optimization,implemented,reference_implementation,grouped_Rd,targeted
item_pareto_front,043-item-bank-optimization.R,item bank optimization,implemented,reference_implementation,grouped_Rd,targeted
optimize_item_bank,043-item-bank-optimization.R,item bank optimization,implemented,reference_implementation,grouped_Rd,targeted
audit_bank_decision_stability,043-item-bank-optimization.R,item bank optimization,implemented,reference_implementation,grouped_Rd,targeted
plot_item_pareto,043-item-bank-optimization.R,item bank optimization,implemented,reference_implementation,grouped_Rd,targeted
plot_objective_tradeoffs,043-item-bank-optimization.R,item bank optimization,implemented,reference_implementation,grouped_Rd,targeted
plot_bank_information_coverage,043-item-bank-optimization.R,item bank optimization,implemented,reference_implementation,grouped_Rd,targeted
plot_decision_stability,043-item-bank-optimization.R,item bank optimization,implemented,reference_implementation,grouped_Rd,targeted
plot_selected_bank_profile,043-item-bank-optimization.R,item bank optimization,implemented,reference_implementation,grouped_Rd,targeted
fit_process_dif,044-process-dif-fairness.R,process dif fairness,implemented,reference_implementation,grouped_Rd,targeted
monitor_dif_drift,044-process-dif-fairness.R,process dif fairness,implemented,reference_implementation,grouped_Rd,targeted
decompose_dif_evidence,044-process-dif-fairness.R,process dif fairness,implemented,reference_implementation,grouped_Rd,targeted
audit_fairness_transportability,044-process-dif-fairness.R,process dif fairness,implemented,reference_implementation,grouped_Rd,targeted
plot_group_icc_process_overlay,044-process-dif-fairness.R,process dif fairness,implemented,reference_implementation,grouped_Rd,targeted
plot_process_dif_forest,044-process-dif-fairness.R,process dif fairness,implemented,reference_implementation,grouped_Rd,targeted
plot_dif_drift_heatmap,044-process-dif-fairness.R,process dif fairness,implemented,reference_implementation,grouped_Rd,targeted
plot_fairness_transport_matrix,044-process-dif-fairness.R,process dif fairness,implemented,reference_implementation,grouped_Rd,targeted
plot_item_group_process_curves,044-process-dif-fairness.R,process dif fairness,implemented,reference_implementation,grouped_Rd,targeted
fit_process_norms,045-process-norms.R,process norms,implemented,reference_implementation,grouped_Rd,targeted
predict_process_centiles,045-process-norms.R,process norms,implemented,reference_implementation,grouped_Rd,targeted
score_process_deviation,045-process-norms.R,process norms,implemented,reference_implementation,grouped_Rd,targeted
audit_norm_transportability,045-process-norms.R,process norms,implemented,reference_implementation,grouped_Rd,targeted
plot_process_centiles,045-process-norms.R,process norms,implemented,reference_implementation,grouped_Rd,targeted
plot_normative_fan,045-process-norms.R,process norms,implemented,reference_implementation,grouped_Rd,targeted
plot_person_normative_profile,045-process-norms.R,process norms,implemented,reference_implementation,grouped_Rd,targeted
plot_item_normative_deviation,045-process-norms.R,process norms,implemented,reference_implementation,grouped_Rd,targeted
build_evidence_graph,046-evidence-provenance-graph.R,evidence provenance graph,implemented,reference_implementation,grouped_Rd,targeted
trace_item_decision,046-evidence-provenance-graph.R,evidence provenance graph,implemented,reference_implementation,grouped_Rd,targeted
compare_decision_provenance,046-evidence-provenance-graph.R,evidence provenance graph,implemented,reference_implementation,grouped_Rd,targeted
audit_evidence_dependencies,046-evidence-provenance-graph.R,evidence provenance graph,implemented,reference_implementation,grouped_Rd,targeted
plot_evidence_graph,046-evidence-provenance-graph.R,evidence provenance graph,implemented,reference_implementation,grouped_Rd,targeted
plot_item_decision_path,046-evidence-provenance-graph.R,evidence provenance graph,implemented,reference_implementation,grouped_Rd,targeted
plot_metric_dependency_graph,046-evidence-provenance-graph.R,evidence provenance graph,implemented,reference_implementation,grouped_Rd,targeted
plot_model_decision_impact,046-evidence-provenance-graph.R,evidence provenance graph,implemented,reference_implementation,grouped_Rd,targeted
fit_process_missingness_model,047-measurement-intelligence-adapters.R,measurement intelligence adapters,implemented,reference_implementation,grouped_Rd,targeted
crossmodal_recurrence_model,047-measurement-intelligence-adapters.R,measurement intelligence adapters,implemented,reference_implementation,grouped_Rd,targeted
